{"operation-securityrequirement-apikey-inheader-clear": "https://docs.42crunch.com/latest/content/oasv2/security/authentication/operation-securityrequirement-apikey-inheader-clear.htm", "v3-operation-securityrequirement-clearcredentials": "", "operation-security": "https://docs.42crunch.com/latest/content/oasv2/security/authentication/operation-security.htm", "global-security": "https://docs.42crunch.com/latest/content/oasv2/security/authentication/global-security.htm", "v3-operation-security": "https://docs.42crunch.com/latest/content/oasv3/security/authentication/v3-operation-security.htm", "v3-global-security": "https://docs.42crunch.com/latest/content/oasv3/security/authentication/v3-global-security.htm", "operation-securityrequirement-clearcredentials": "", "v3-schema-string-pattern": "https://docs.42crunch.com/latest/content/oasv3/datavalidation/schema/v3-schema-string-pattern.htm", "schema-string-pattern": "https://docs.42crunch.com/latest/content/oasv2/datavalidation/schema/schema-string-pattern.htm", "v3-schema-string-maxlength": "https://docs.42crunch.com/latest/content/oasv3/datavalidation/schema/v3-schema-string-maxlength.htm", "parameter-string-pattern": "https://docs.42crunch.com/latest/content/oasv2/datavalidation/parameters/parameter-string-pattern.htm", "global-securityrequirement-clearcredentials": "", "v3-global-securityrequirement-clearcredentials": "", "schema-array-maxitems": "https://docs.42crunch.com/latest/content/oasv2/datavalidation/schema/schema-array-maxitems.htm", "parameter-array-maxitems": "https://docs.42crunch.com/latest/content/oasv2/datavalidation/parameters/parameter-array-maxitems.htm", "response-default-undefined": "https://docs.42crunch.com/latest/content/oasv2/datavalidation/responsedefinition/response-default-undefined.htm", "schema-string-maxlength": "https://docs.42crunch.com/latest/content/oasv2/datavalidation/schema/schema-string-maxlength.htm", "response-429": "https://docs.42crunch.com/latest/content/oasv2/datavalidation/responsedefinition/response-429.htm", "parameter-string-maxlength": "https://docs.42crunch.com/latest/content/oasv2/datavalidation/parameters/parameter-string-maxlength.htm", "schema-object-without-properties": "https://docs.42crunch.com/latest/content/oasv2/datavalidation/schema/schema-object-without-properties.htm", "response-schema-undefined": "https://docs.42crunch.com/latest/content/oasv2/datavalidation/responsedefinition/response-schema-undefined.htm", "schema-numerical-min": "https://docs.42crunch.com/latest/content/oasv2/datavalidation/schema/schema-numerical-min.htm", "schema-numerical-max": "https://docs.42crunch.com/latest/content/oasv2/datavalidation/schema/schema-numerical-max.htm", "parameter-numerical-min": "https://docs.42crunch.com/latest/content/oasv2/datavalidation/parameters/parameter-numerical-min.htm", "parameter-numerical-max": "https://docs.42crunch.com/latest/content/oasv2/datavalidation/parameters/parameter-numerical-max.htm", "response-403": "https://docs.42crunch.com/latest/content/oasv2/datavalidation/responsedefinition/response-403.htm", "response-401": "https://docs.42crunch.com/latest/content/oasv2/datavalidation/responsedefinition/response-401.htm", "response-415": "https://docs.42crunch.com/latest/content/oasv2/datavalidation/responsedefinition/response-415.htm", "response-406": "https://docs.42crunch.com/latest/content/oasv2/datavalidation/responsedefinition/response-406.htm", "response-404": "https://docs.42crunch.com/latest/content/oasv2/datavalidation/responsedefinition/response-404.htm", "operation-securityrequirement-average": "", "response-put-2xx": "https://docs.42crunch.com/latest/content/oasv2/datavalidation/responsedefinition/response-put-2xx.htm", "response-post-2xx": "https://docs.42crunch.com/latest/content/oasv2/datavalidation/responsedefinition/response-post-2xx.htm", "response-delete-2xx": "https://docs.42crunch.com/latest/content/oasv2/datavalidation/responsedefinition/response-delete-2xx.htm", "response-get-2xx": "https://docs.42crunch.com/latest/content/oasv2/datavalidation/responsedefinition/response-get-2xx.htm"}